environment,safe,n,pearson_r,pearson_p,spearman_r,spearman_p
code_generation,False,52,0.3255379652870586,0.01852434761958957,0.27203994070892734,0.05105834704423893
code_generation,True,52,0.3255379652870586,0.01852434761958957,0.27203994070892734,0.05105834704423893
financial_article_writing,False,65,0.008481170657134336,0.9465404485752574,0.006984687865601112,0.9559629057446632
financial_article_writing,True,65,-0.04722175629139105,0.708750015157544,-0.10157267931060465,0.42076139865350426
multi_agent_debate,False,18,,,,
multi_agent_debate,True,18,,,,
travel_planning,False,40,0.02777905535599633,0.8648908032712118,0.07410448576365909,0.6495108123270145
travel_planning,True,40,0.24295129505922028,0.13089805136169722,0.25260264067589855,0.11581995160240383
ALL,,350,0.1005908213171182,0.060118896961620066,0.15042331450238527,0.004799987858505658
