which,key,sample_idx,Y,id,target_agent,run_idx
ref,"(0, 'MESSAGING_AGENT')",0,0.0,0,MESSAGING_AGENT,
ref,"(1, 'MESSAGING_AGENT')",1,0.0,1,MESSAGING_AGENT,
ref,"(2, 'MESSAGING_AGENT')",2,0.0,2,MESSAGING_AGENT,
ref,"(3, 'MESSAGING_AGENT')",3,0.0,3,MESSAGING_AGENT,
ref,"(4, 'MESSAGING_AGENT')",4,0.0,4,MESSAGING_AGENT,
ref,"(5, 'MESSAGING_AGENT')",5,0.0,5,MESSAGING_AGENT,
ref,"(6, 'MESSAGING_AGENT')",6,0.0,6,MESSAGING_AGENT,
ref,"(7, 'MESSAGING_AGENT')",7,0.0,7,MESSAGING_AGENT,
ref,"(8, 'MESSAGING_AGENT')",8,0.0,8,MESSAGING_AGENT,
ref,"(9, 'MESSAGING_AGENT')",9,0.0,9,MESSAGING_AGENT,
ref,"(10, 'MESSAGING_AGENT')",10,0.0,10,MESSAGING_AGENT,
ref,"(11, 'MESSAGING_AGENT')",11,0.0,11,MESSAGING_AGENT,
ref,"(12, 'MESSAGING_AGENT')",12,0.0,12,MESSAGING_AGENT,
ref,"(13, 'MESSAGING_AGENT')",13,0.0,13,MESSAGING_AGENT,
ref,"(14, 'MESSAGING_AGENT')",14,0.0,14,MESSAGING_AGENT,
ref,"(15, 'MESSAGING_AGENT')",15,0.0,15,MESSAGING_AGENT,
ref,"(16, 'MESSAGING_AGENT')",16,0.0,16,MESSAGING_AGENT,
ref,"(17, 'MESSAGING_AGENT')",17,0.0,17,MESSAGING_AGENT,
ref,"(18, 'MESSAGING_AGENT')",18,0.0,18,MESSAGING_AGENT,
ref,"(19, 'MESSAGING_AGENT')",19,0.0,19,MESSAGING_AGENT,
ref,"(20, 'MESSAGING_AGENT')",20,0.0,20,MESSAGING_AGENT,
ref,"(22, 'TICKETING_AGENT')",21,0.0,22,TICKETING_AGENT,
ref,"(23, 'TICKETING_AGENT')",22,0.0,23,TICKETING_AGENT,
ref,"(24, 'TICKETING_AGENT')",23,0.0,24,TICKETING_AGENT,
ref,"(25, 'TICKETING_AGENT')",24,0.0,25,TICKETING_AGENT,
ref,"(26, 'TICKETING_AGENT')",25,0.0,26,TICKETING_AGENT,
ref,"(27, 'TICKETING_AGENT')",26,0.0,27,TICKETING_AGENT,
ref,"(30, 'WEATHER_AGENT')",27,0.0,30,WEATHER_AGENT,
ref,"(31, 'WEATHER_AGENT')",28,0.0,31,WEATHER_AGENT,
ref,"(32, 'WEATHER_AGENT')",29,0.0,32,WEATHER_AGENT,
ref,"(36, 'TICKETING_AGENT')",30,0.0,36,TICKETING_AGENT,
ref,"(37, 'TICKETING_AGENT')",31,0.0,37,TICKETING_AGENT,
ref,"(38, 'TICKETING_AGENT')",32,0.0,38,TICKETING_AGENT,
ref,"(39, 'TICKETING_AGENT')",33,0.0,39,TICKETING_AGENT,
ref,"(40, 'MESSAGING_AGENT')",34,0.0,40,MESSAGING_AGENT,
ref,"(41, 'MESSAGING_AGENT')",35,0.0,41,MESSAGING_AGENT,
ref,"(42, 'MESSAGING_AGENT')",36,0.0,42,MESSAGING_AGENT,
ref,"(43, 'MESSAGING_AGENT')",37,0.0,43,MESSAGING_AGENT,
ref,"(47, 'TICKETING_AGENT')",38,0.0,47,TICKETING_AGENT,
ref,"(48, 'MESSAGING_AGENT')",39,0.0,48,MESSAGING_AGENT,
int,"(0, 'MESSAGING_AGENT')",0,0.0,0,MESSAGING_AGENT,
int,"(1, 'MESSAGING_AGENT')",1,0.0,1,MESSAGING_AGENT,
int,"(2, 'MESSAGING_AGENT')",2,0.0,2,MESSAGING_AGENT,
int,"(3, 'MESSAGING_AGENT')",3,0.0,3,MESSAGING_AGENT,
int,"(4, 'MESSAGING_AGENT')",4,0.0,4,MESSAGING_AGENT,
int,"(5, 'MESSAGING_AGENT')",5,0.0,5,MESSAGING_AGENT,
int,"(6, 'MESSAGING_AGENT')",6,0.0,6,MESSAGING_AGENT,
int,"(7, 'MESSAGING_AGENT')",7,0.0,7,MESSAGING_AGENT,
int,"(8, 'MESSAGING_AGENT')",8,0.0,8,MESSAGING_AGENT,
int,"(9, 'MESSAGING_AGENT')",9,0.0,9,MESSAGING_AGENT,
int,"(10, 'MESSAGING_AGENT')",10,0.0,10,MESSAGING_AGENT,
int,"(11, 'MESSAGING_AGENT')",11,0.0,11,MESSAGING_AGENT,
int,"(12, 'MESSAGING_AGENT')",12,0.0,12,MESSAGING_AGENT,
int,"(13, 'MESSAGING_AGENT')",13,0.0,13,MESSAGING_AGENT,
int,"(14, 'MESSAGING_AGENT')",14,0.0,14,MESSAGING_AGENT,
int,"(15, 'MESSAGING_AGENT')",15,0.0,15,MESSAGING_AGENT,
int,"(16, 'MESSAGING_AGENT')",16,0.0,16,MESSAGING_AGENT,
int,"(17, 'MESSAGING_AGENT')",17,0.0,17,MESSAGING_AGENT,
int,"(18, 'MESSAGING_AGENT')",18,0.0,18,MESSAGING_AGENT,
int,"(19, 'MESSAGING_AGENT')",19,0.0,19,MESSAGING_AGENT,
int,"(20, 'MESSAGING_AGENT')",20,0.0,20,MESSAGING_AGENT,
int,"(22, 'TICKETING_AGENT')",21,0.0,22,TICKETING_AGENT,
int,"(23, 'TICKETING_AGENT')",22,0.0,23,TICKETING_AGENT,
int,"(24, 'TICKETING_AGENT')",23,0.0,24,TICKETING_AGENT,
int,"(25, 'TICKETING_AGENT')",24,0.0,25,TICKETING_AGENT,
int,"(26, 'TICKETING_AGENT')",25,0.0,26,TICKETING_AGENT,
int,"(27, 'TICKETING_AGENT')",26,0.0,27,TICKETING_AGENT,
int,"(30, 'WEATHER_AGENT')",27,0.0,30,WEATHER_AGENT,
int,"(31, 'WEATHER_AGENT')",28,0.0,31,WEATHER_AGENT,
int,"(32, 'WEATHER_AGENT')",29,0.0,32,WEATHER_AGENT,
int,"(36, 'TICKETING_AGENT')",30,0.0,36,TICKETING_AGENT,
int,"(37, 'TICKETING_AGENT')",31,0.0,37,TICKETING_AGENT,
int,"(38, 'TICKETING_AGENT')",32,0.0,38,TICKETING_AGENT,
int,"(39, 'TICKETING_AGENT')",33,0.0,39,TICKETING_AGENT,
int,"(40, 'MESSAGING_AGENT')",34,0.0,40,MESSAGING_AGENT,
int,"(41, 'MESSAGING_AGENT')",35,0.0,41,MESSAGING_AGENT,
int,"(42, 'MESSAGING_AGENT')",36,0.0,42,MESSAGING_AGENT,
int,"(43, 'MESSAGING_AGENT')",37,0.0,43,MESSAGING_AGENT,
int,"(47, 'TICKETING_AGENT')",38,0.0,47,TICKETING_AGENT,
int,"(48, 'MESSAGING_AGENT')",39,0.0,48,MESSAGING_AGENT,
